{
    "extrudeHeight":1000,
    "localData":
    [[
        [[-12936.337870022748,-18580.599785207305,7064.768482240848,-0.41764007172463824,0.5617585941578979,0.7141456800818594]],
        [[-13058.377379184589,-18403.408297570888,6855.417739100754,-0.41765917252439894,0.5617863340338977,0.7141126875353695]]
    ]]}
    
    [
        [[-60,0,0 ,0,1,0]]
        ,[[-10,0,-25 ,0,1,0]]
        ,[[-10,0, 25 ,0,1,0]]
        ,[[-10,0, 50 ,0,1,0]]
        ,[[-60,0, 75 ,0,1,0]]
        ,[[-10,0,100 ,0,1,0]]
        ,[[-60,0,200 ,0,1,0]]
        ,[[-60,0,0 ,0,1,0]]
    ]